Year,Leading Cause,Sex,Race Ethnicity,Deaths,Death Rate,Age Adjusted Death Rate
2007,Accidents Except Drug Posioning,F,Asian and Pacific Islander,32,62,76
2007,Accidents Except Drug Posioning,F,Black Non-Hispanic,87,83,81
2007,Accidents Except Drug Posioning,F,Hispanic,71,61,71
2007,Accidents Except Drug Posioning,F,Not Stated/Unknown,,,
2007,Accidents Except Drug Posioning,F,Other Race/ Ethnicity,,,
2007,Accidents Except Drug Posioning,F,White Non-Hispanic,162,113,73
2007,Accidents Except Drug Posioning,M,Asian and Pacific Islander,53,11,13
2007,Accidents Except Drug Posioning,M,Black Non-Hispanic,158,185,206
2007,Accidents Except Drug Posioning,M,Hispanic,154,141,174
2007,Accidents Except Drug Posioning,M,Not Stated/Unknown,8,,
2007,Accidents Except Drug Posioning,M,Other Race/ Ethnicity,5,,
2007,Accidents Except Drug Posioning,M,White Non-Hispanic,297,222,198
2007,All Other Causes,F,Asian and Pacific Islander,182,353,446
2007,All Other Causes,F,Black Non-Hispanic,1230,1168,1134
2007,All Other Causes,F,Hispanic,820,702,856
2007,All Other Causes,F,Not Stated/Unknown,27,,
2007,All Other Causes,F,Other Race/ Ethnicity,15,,
2007,All Other Causes,F,White Non-Hispanic,1680,1171,815
2007,All Other Causes,M,Asian and Pacific Islander,221,457,612
2007,All Other Causes,M,Black Non-Hispanic,1163,1365,1624
2007,All Other Causes,M,Hispanic,988,906,1426
2007,All Other Causes,M,Not Stated/Unknown,43,,
2007,All Other Causes,M,Other Race/ Ethnicity,24,,
2007,All Other Causes,M,White Non-Hispanic,1749,1307,1159
2007,Alzheimer's Disease (G30),F,Not Stated/Unknown,,,
2007,Alzheimer's Disease (G30),F,White Non-Hispanic,107,75,35
2007,Aortic Aneurysm and Dissection (I71),F,Not Stated/Unknown,,,
2007,Assault,F,Other Race/ Ethnicity,,,
2007,Assault,M,Black Non-Hispanic,267,313,311
2007,Assault,M,Hispanic,114,105,99
2007,Assault,M,Not Stated/Unknown,,,
2007,Assault,M,Other Race/ Ethnicity,,,
2007,Atherosclerosis (I70),F,Other Race/ Ethnicity,,,
2007,Cerebrovascular Disease,F,Asian and Pacific Islander,70,136,176
2007,Cerebrovascular Disease,F,Black Non-Hispanic,279,265,253
2007,Cerebrovascular Disease,F,Hispanic,164,14,183
2007,Cerebrovascular Disease,F,Not Stated/Unknown,,,
2007,Cerebrovascular Disease,F,Other Race/ Ethnicity,,,
2007,Cerebrovascular Disease,F,White Non-Hispanic,372,259,144
2007,Cerebrovascular Disease,M,Asian and Pacific Islander,56,116,162
2007,Cerebrovascular Disease,M,Black Non-Hispanic,213,25,33
2007,Cerebrovascular Disease,M,Hispanic,126,116,20
2007,Cerebrovascular Disease,M,Other Race/ Ethnicity,7,,
2007,Cerebrovascular Disease,M,White Non-Hispanic,267,20,167
2007,Certain Conditions originating in the Perinatal Period,F,Not Stated/Unknown,,,
2007,Certain Conditions originating in the Perinatal Period,F,Other Race/ Ethnicity,,,
2007,"Chronic Liver Disease and Cirrhosis (K70, K73)",F,Not Stated/Unknown,,,
2007,"Chronic Liver Disease and Cirrhosis (K70, K73)",M,Asian and Pacific Islander,18,37,36
2007,"Chronic Liver Disease and Cirrhosis (K70, K73)",M,Hispanic,107,98,128
2007,"Chronic Liver Disease and Cirrhosis (K70, K73)",M,Other Race/ Ethnicity,,,
2007,Chronic Lower Respiratory Diseases,F,Asian and Pacific Islander,29,56,79
2007,Chronic Lower Respiratory Diseases,F,Black Non-Hispanic,163,155,148
2007,Chronic Lower Respiratory Diseases,F,Hispanic,116,99,128
2007,Chronic Lower Respiratory Diseases,F,Not Stated/Unknown,6,,
2007,Chronic Lower Respiratory Diseases,F,Other Race/ Ethnicity,,,
2007,Chronic Lower Respiratory Diseases,F,White Non-Hispanic,472,329,196
2007,Chronic Lower Respiratory Diseases,M,Asian and Pacific Islander,43,89,167
2007,Chronic Lower Respiratory Diseases,M,Black Non-Hispanic,137,161,227
2007,Chronic Lower Respiratory Diseases,M,Not Stated/Unknown,,,
2007,Chronic Lower Respiratory Diseases,M,Other Race/ Ethnicity,,,
2007,Chronic Lower Respiratory Diseases,M,White Non-Hispanic,345,258,217
2007,"Congenital Malformations, Deformations, and Chromosomal Abnormalities (Q00-Q99)",F,Other Race/ Ethnicity,,,
2007,Diabetes Mellitus,F,Asian and Pacific Islander,34,66,83
2007,Diabetes Mellitus,F,Black Non-Hispanic,358,34,325
2007,Diabetes Mellitus,F,Hispanic,205,176,226
2007,Diabetes Mellitus,F,Not Stated/Unknown,,,
2007,Diabetes Mellitus,F,Other Race/ Ethnicity,,,
2007,Diabetes Mellitus,F,White Non-Hispanic,231,161,98
2007,Diabetes Mellitus,M,Asian and Pacific Islander,47,97,136
2007,Diabetes Mellitus,M,Black Non-Hispanic,246,289,381
2007,Diabetes Mellitus,M,Hispanic,177,162,276
2007,Diabetes Mellitus,M,Not Stated/Unknown,9,,
2007,Diabetes Mellitus,M,Other Race/ Ethnicity,11,,
2007,Diabetes Mellitus,M,White Non-Hispanic,237,177,15
2007,Diseases of Heart,F,Asian and Pacific Islander,428,831,1152
2007,Diseases of Heart,F,Black Non-Hispanic,2722,2586,2473
2007,Diseases of Heart,F,Hispanic,1418,1215,1643
2007,Diseases of Heart,F,Not Stated/Unknown,82,,
2007,Diseases of Heart,F,Other Race/ Ethnicity,43,,
2007,Diseases of Heart,F,White Non-Hispanic,7050,4914,2507
2007,Diseases of Heart,M,Asian and Pacific Islander,496,1025,1578
2007,Diseases of Heart,M,Black Non-Hispanic,2121,2489,3402
2007,Diseases of Heart,M,Hispanic,1327,1217,2384
2007,Diseases of Heart,M,Not Stated/Unknown,86,,
2007,Diseases of Heart,M,Other Race/ Ethnicity,36,,
2007,Diseases of Heart,M,White Non-Hispanic,5632,421,3507
2007,Essential Hypertension and Renal Diseases,F,Asian and Pacific Islander,22,43,63
2007,Essential Hypertension and Renal Diseases,F,Black Non-Hispanic,166,158,15
2007,Essential Hypertension and Renal Diseases,F,Hispanic,78,67,89
2007,Essential Hypertension and Renal Diseases,F,Not Stated/Unknown,5,,
2007,Essential Hypertension and Renal Diseases,F,White Non-Hispanic,155,108,59
2007,Essential Hypertension and Renal Diseases,M,Asian and Pacific Islander,25,52,83
2007,Essential Hypertension and Renal Diseases,M,Black Non-Hispanic,137,161,22
2007,Essential Hypertension and Renal Diseases,M,White Non-Hispanic,123,92,76
2007,Human Immunodeficiency Virus Disease,F,Black Non-Hispanic,248,236,221
2007,Human Immunodeficiency Virus Disease,F,Hispanic,109,93,95
2007,Human Immunodeficiency Virus Disease,F,Not Stated/Unknown,5,,
2007,Human Immunodeficiency Virus Disease,M,Black Non-Hispanic,377,442,442
2007,Human Immunodeficiency Virus Disease,M,Hispanic,218,20,231
2007,Human Immunodeficiency Virus Disease,M,Not Stated/Unknown,6,,
2007,Human Immunodeficiency Virus Disease,M,Other Race/ Ethnicity,,,
2007,Influenza (Flu) and Pneumonia,F,Asian and Pacific Islander,58,113,158
2007,Influenza (Flu) and Pneumonia,F,Black Non-Hispanic,295,28,269
2007,Influenza (Flu) and Pneumonia,F,Hispanic,190,163,223
2007,Influenza (Flu) and Pneumonia,F,Not Stated/Unknown,,,
2007,Influenza (Flu) and Pneumonia,F,Other Race/ Ethnicity,,,
2007,Influenza (Flu) and Pneumonia,F,White Non-Hispanic,659,459,232
2007,Influenza (Flu) and Pneumonia,M,Asian and Pacific Islander,66,136,257
2007,Influenza (Flu) and Pneumonia,M,Black Non-Hispanic,229,269,401
2007,Influenza (Flu) and Pneumonia,M,Hispanic,189,173,367
2007,Influenza (Flu) and Pneumonia,M,Not Stated/Unknown,13,,
2007,Influenza (Flu) and Pneumonia,M,Other Race/ Ethnicity,7,,
2007,Influenza (Flu) and Pneumonia,M,White Non-Hispanic,530,396,329
2007,Insitu or Benign / Uncertain Neoplasms (D00-D48),F,Not Stated/Unknown,,,
2007,Insitu or Benign / Uncertain Neoplasms (D00-D48),F,Other Race/ Ethnicity,,,
2007,Suicide,F,Asian and Pacific Islander,22,43,39
2007,Suicide,M,Asian and Pacific Islander,36,74,77
2007,Suicide,M,Not Stated/Unknown,5,,
2007,Suicide,M,White Non-Hispanic,187,14,127
2007,Malignant Neoplasms,F,Asian and Pacific Islander,395,767,884
2007,Malignant Neoplasms,F,Black Non-Hispanic,1800,171,1617
2007,Malignant Neoplasms,F,Hispanic,969,83,1007
2007,Malignant Neoplasms,F,Not Stated/Unknown,51,,
2007,Malignant Neoplasms,F,Other Race/ Ethnicity,22,,
2007,Malignant Neoplasms,F,White Non-Hispanic,3518,2452,1674
2007,Malignant Neoplasms,M,Asian and Pacific Islander,528,1091,1459
2007,Malignant Neoplasms,M,Black Non-Hispanic,1523,1787,2294
2007,Malignant Neoplasms,M,Hispanic,1013,929,1635
2007,Malignant Neoplasms,M,Not Stated/Unknown,45,,
2007,Malignant Neoplasms,M,Other Race/ Ethnicity,29,,
2007,Malignant Neoplasms,M,White Non-Hispanic,3356,2509,2137
2007,Mental and Behavioral Disorders due to Accidental Poisoning and Other Psychoactive Substance Use,F,Black Non-Hispanic,87,83,74
2007,Mental and Behavioral Disorders due to Accidental Poisoning and Other Psychoactive Substance Use,M,Black Non-Hispanic,163,191,19
2007,Mental and Behavioral Disorders due to Accidental Poisoning and Other Psychoactive Substance Use,M,Hispanic,183,168,179
2007,Mental and Behavioral Disorders due to Accidental Poisoning and Other Psychoactive Substance Use,M,Not Stated/Unknown,10,,
2007,Mental and Behavioral Disorders due to Accidental Poisoning and Other Psychoactive Substance Use,M,White Non-Hispanic,261,195,176
2007,Mental and Behavioral Disorders due to Use of Alcohol (F10),M,Not Stated/Unknown,,,
2007,"Nephritis, Nephrotic Syndrome and Nephrisis",F,Asian and Pacific Islander,13,25,32
2007,"Nephritis, Nephrotic Syndrome and Nephrisis",F,White Non-Hispanic,89,62,35
2007,Septicemia (A40-A41),F,Black Non-Hispanic,89,85,81
2007,Septicemia (A40-A41),F,Hispanic,49,42,55
2008,Accidents Except Drug Posioning,F,Asian and Pacific Islander,36,68,85
2008,Accidents Except Drug Posioning,F,Black Non-Hispanic,70,67,64
2008,Accidents Except Drug Posioning,F,Hispanic,68,58,66
2008,Accidents Except Drug Posioning,F,Other Race/ Ethnicity,,,
2008,Accidents Except Drug Posioning,F,White Non-Hispanic,193,134,94
2008,Accidents Except Drug Posioning,M,Asian and Pacific Islander,53,106,122
2008,Accidents Except Drug Posioning,M,Black Non-Hispanic,146,172,181
2008,Accidents Except Drug Posioning,M,Hispanic,186,168,206
2008,Accidents Except Drug Posioning,M,Not Stated/Unknown,13,,
2008,Accidents Except Drug Posioning,M,Other Race/ Ethnicity,,,
2008,Accidents Except Drug Posioning,M,White Non-Hispanic,272,203,184
2008,All Other Causes,F,Asian and Pacific Islander,214,402,503
2008,All Other Causes,F,Black Non-Hispanic,1268,121,1161
2008,All Other Causes,F,Hispanic,885,749,902
2008,All Other Causes,F,Not Stated/Unknown,42,,
2008,All Other Causes,F,Other Race/ Ethnicity,19,,
2008,All Other Causes,F,White Non-Hispanic,1706,1189,786
2008,All Other Causes,M,Asian and Pacific Islander,238,478,633
2008,All Other Causes,M,Black Non-Hispanic,1216,1432,1635
2008,All Other Causes,M,Hispanic,1069,967,1395
2008,All Other Causes,M,Not Stated/Unknown,67,,
2008,All Other Causes,M,Other Race/ Ethnicity,8,,
2008,All Other Causes,M,White Non-Hispanic,1824,1359,1199
2008,Alzheimer's Disease (G30),F,White Non-Hispanic,151,105,51
2008,Aortic Aneurysm and Dissection (I71),M,Other Race/ Ethnicity,,,
2008,Assault,M,Black Non-Hispanic,286,337,338
2008,Assault,M,Not Stated/Unknown,8,,
2008,Assault,M,Other Race/ Ethnicity,5,,
2008,Cerebrovascular Disease,F,Asian and Pacific Islander,65,122,154
2008,Cerebrovascular Disease,F,Black Non-Hispanic,267,255,236
2008,Cerebrovascular Disease,F,Hispanic,152,129,164
2008,Cerebrovascular Disease,F,Not Stated/Unknown,13,,
2008,Cerebrovascular Disease,F,Other Race/ Ethnicity,,,
2008,Cerebrovascular Disease,F,White Non-Hispanic,379,264,149
2008,Cerebrovascular Disease,M,Asian and Pacific Islander,48,96,141
2008,Cerebrovascular Disease,M,Black Non-Hispanic,206,243,31
2008,Cerebrovascular Disease,M,Hispanic,124,112,188
2008,Cerebrovascular Disease,M,Other Race/ Ethnicity,5,,
2008,Cerebrovascular Disease,M,White Non-Hispanic,245,183,154
2008,Certain Conditions originating in the Perinatal Period,F,Not Stated/Unknown,6,,
2008,Certain Conditions originating in the Perinatal Period,F,Other Race/ Ethnicity,,,
2008,Certain Conditions originating in the Perinatal Period,M,Not Stated/Unknown,6,,
2008,Certain Conditions originating in the Perinatal Period,M,Other Race/ Ethnicity,,,
2008,"Chronic Liver Disease and Cirrhosis (K70, K73)",F,Hispanic,63,53,62
2008,"Chronic Liver Disease and Cirrhosis (K70, K73)",F,Not Stated/Unknown,,,
2008,"Chronic Liver Disease and Cirrhosis (K70, K73)",F,Other Race/ Ethnicity,,,
2008,"Chronic Liver Disease and Cirrhosis (K70, K73)",M,Hispanic,149,135,168
2008,Chronic Lower Respiratory Diseases,F,Asian and Pacific Islander,30,56,79
2008,Chronic Lower Respiratory Diseases,F,Black Non-Hispanic,191,182,171
2008,Chronic Lower Respiratory Diseases,F,Hispanic,156,132,168
2008,Chronic Lower Respiratory Diseases,F,Not Stated/Unknown,,,
2008,Chronic Lower Respiratory Diseases,F,Other Race/ Ethnicity,,,
2008,Chronic Lower Respiratory Diseases,F,White Non-Hispanic,518,361,214
2008,Chronic Lower Respiratory Diseases,M,Asian and Pacific Islander,46,92,161
2008,Chronic Lower Respiratory Diseases,M,Black Non-Hispanic,169,199,264
2008,Chronic Lower Respiratory Diseases,M,Hispanic,132,119,228
2008,Chronic Lower Respiratory Diseases,M,Not Stated/Unknown,10,,
2008,Chronic Lower Respiratory Diseases,M,White Non-Hispanic,347,259,218
2008,"Congenital Malformations, Deformations, and Chromosomal Abnormalities (Q00-Q99)",M,Asian and Pacific Islander,14,28,3
2008,Diabetes Mellitus,F,Asian and Pacific Islander,47,88,113
2008,Diabetes Mellitus,F,Black Non-Hispanic,380,363,343
2008,Diabetes Mellitus,F,Hispanic,228,193,241
2008,Diabetes Mellitus,F,Not Stated/Unknown,12,,
2008,Diabetes Mellitus,F,Other Race/ Ethnicity,,,
2008,Diabetes Mellitus,F,White Non-Hispanic,210,146,88
2008,Diabetes Mellitus,M,Asian and Pacific Islander,52,104,149
2008,Diabetes Mellitus,M,Black Non-Hispanic,265,312,402
2008,Diabetes Mellitus,M,Hispanic,191,173,313
2008,Diabetes Mellitus,M,Other Race/ Ethnicity,,,
2008,Diabetes Mellitus,M,White Non-Hispanic,246,183,156
2008,Diseases of Heart,F,Asian and Pacific Islander,456,856,1177
2008,Diseases of Heart,F,Black Non-Hispanic,2725,2601,2436
2008,Diseases of Heart,F,Hispanic,1445,1223,1607
2008,Diseases of Heart,F,Not Stated/Unknown,108,,
2008,Diseases of Heart,F,Other Race/ Ethnicity,35,,
2008,Diseases of Heart,F,White Non-Hispanic,6836,4762,2455
2008,Diseases of Heart,M,Asian and Pacific Islander,546,1096,1663
2008,Diseases of Heart,M,Black Non-Hispanic,2077,2446,3302
2008,Diseases of Heart,M,Hispanic,1330,1203,228
2008,Diseases of Heart,M,Not Stated/Unknown,92,,
2008,Diseases of Heart,M,Other Race/ Ethnicity,39,,
2008,Diseases of Heart,M,White Non-Hispanic,5503,410,3423
2008,Essential Hypertension and Renal Diseases,F,Asian and Pacific Islander,32,6,8
2008,Essential Hypertension and Renal Diseases,F,Black Non-Hispanic,192,183,171
2008,Essential Hypertension and Renal Diseases,F,Hispanic,104,88,114
2008,Essential Hypertension and Renal Diseases,F,Not Stated/Unknown,,,
2008,Essential Hypertension and Renal Diseases,F,Other Race/ Ethnicity,,,
2008,Essential Hypertension and Renal Diseases,F,White Non-Hispanic,151,105,59
2008,Essential Hypertension and Renal Diseases,M,Asian and Pacific Islander,31,62,98
2008,Essential Hypertension and Renal Diseases,M,Black Non-Hispanic,134,158,209
2008,Essential Hypertension and Renal Diseases,M,Other Race/ Ethnicity,,,
2008,Essential Hypertension and Renal Diseases,M,White Non-Hispanic,165,123,103
2008,Human Immunodeficiency Virus Disease,F,Black Non-Hispanic,227,217,20
2008,Human Immunodeficiency Virus Disease,F,Hispanic,113,96,96
2008,Human Immunodeficiency Virus Disease,M,Black Non-Hispanic,356,419,418
2008,Human Immunodeficiency Virus Disease,M,Hispanic,222,201,227
2008,Human Immunodeficiency Virus Disease,M,Not Stated/Unknown,9,,
2008,Human Immunodeficiency Virus Disease,M,Other Race/ Ethnicity,,,
2008,Influenza (Flu) and Pneumonia,F,Asian and Pacific Islander,73,137,191
2008,Influenza (Flu) and Pneumonia,F,Black Non-Hispanic,318,304,286
2008,Influenza (Flu) and Pneumonia,F,Hispanic,227,192,255
2008,Influenza (Flu) and Pneumonia,F,Not Stated/Unknown,14,,
2008,Influenza (Flu) and Pneumonia,F,Other Race/ Ethnicity,,,
2008,Influenza (Flu) and Pneumonia,F,White Non-Hispanic,621,433,222
2008,Influenza (Flu) and Pneumonia,M,Asian and Pacific Islander,90,181,302
2008,Influenza (Flu) and Pneumonia,M,Black Non-Hispanic,222,261,376
2008,Influenza (Flu) and Pneumonia,M,Hispanic,187,169,355
2008,Influenza (Flu) and Pneumonia,M,Not Stated/Unknown,11,,
2008,Influenza (Flu) and Pneumonia,M,Other Race/ Ethnicity,5,,
2008,Influenza (Flu) and Pneumonia,M,White Non-Hispanic,529,394,327
2008,Insitu or Benign / Uncertain Neoplasms (D00-D48),F,Not Stated/Unknown,5,,
2008,Suicide,F,Asian and Pacific Islander,26,49,45
2008,Suicide,F,Not Stated/Unknown,,,
2008,Suicide,M,Asian and Pacific Islander,30,6,63
2008,Suicide,M,Other Race/ Ethnicity,,,
2008,Suicide,M,White Non-Hispanic,195,145,131
2008,Malignant Neoplasms,F,Asian and Pacific Islander,344,646,738
2008,Malignant Neoplasms,F,Black Non-Hispanic,1756,1676,1563
2008,Malignant Neoplasms,F,Hispanic,1046,885,1047
2008,Malignant Neoplasms,F,Not Stated/Unknown,36,,
2008,Malignant Neoplasms,F,Other Race/ Ethnicity,21,,
2008,Malignant Neoplasms,F,White Non-Hispanic,3366,2345,1605
2008,Malignant Neoplasms,M,Asian and Pacific Islander,473,95,1235
2008,Malignant Neoplasms,M,Black Non-Hispanic,1464,1724,2204
2008,Malignant Neoplasms,M,Hispanic,1080,977,1659
2008,Malignant Neoplasms,M,Not Stated/Unknown,60,,
2008,Malignant Neoplasms,M,Other Race/ Ethnicity,33,,
2008,Malignant Neoplasms,M,White Non-Hispanic,3361,2504,2143
2008,Mental and Behavioral Disorders due to Accidental Poisoning and Other Psychoactive Substance Use,F,White Non-Hispanic,86,6,55
2008,Mental and Behavioral Disorders due to Accidental Poisoning and Other Psychoactive Substance Use,M,Hispanic,172,156,163
2008,Mental and Behavioral Disorders due to Accidental Poisoning and Other Psychoactive Substance Use,M,Not Stated/Unknown,13,,
2008,Mental and Behavioral Disorders due to Accidental Poisoning and Other Psychoactive Substance Use,M,White Non-Hispanic,227,169,155
2008,"Nephritis, Nephrotic Syndrome and Nephrisis",F,Asian and Pacific Islander,13,24,33
2008,"Nephritis, Nephrotic Syndrome and Nephrisis",F,Black Non-Hispanic,71,68,63
2008,"Nephritis, Nephrotic Syndrome and Nephrisis",M,Asian and Pacific Islander,14,28,49
2008,Viral Hepatitis (B15-B19),M,Not Stated/Unknown,6,,
2009,Accidents Except Drug Posioning,F,Asian and Pacific Islander,37,67,8
2009,Accidents Except Drug Posioning,F,Hispanic,56,47,53
2009,Accidents Except Drug Posioning,F,White Non-Hispanic,178,124,83
2009,Accidents Except Drug Posioning,M,Asian and Pacific Islander,55,108,123
2009,Accidents Except Drug Posioning,M,Black Non-Hispanic,134,158,168
2009,Accidents Except Drug Posioning,M,Hispanic,170,151,179
2009,Accidents Except Drug Posioning,M,Not Stated/Unknown,16,,
2009,Accidents Except Drug Posioning,M,Other Race/ Ethnicity,,,
2009,Accidents Except Drug Posioning,M,White Non-Hispanic,279,207,187
2009,All Other Causes,F,Asian and Pacific Islander,220,401,489
2009,All Other Causes,F,Black Non-Hispanic,1305,1246,1173
2009,All Other Causes,F,Hispanic,775,647,753
2009,All Other Causes,F,Not Stated/Unknown,26,,
2009,All Other Causes,F,Other Race/ Ethnicity,11,,
2009,All Other Causes,F,White Non-Hispanic,1684,1172,772
2009,All Other Causes,M,Asian and Pacific Islander,220,431,561
2009,All Other Causes,M,Black Non-Hispanic,1246,1467,1677
2009,All Other Causes,M,Hispanic,1067,95,1381
2009,All Other Causes,M,Not Stated/Unknown,55,,
2009,All Other Causes,M,Other Race/ Ethnicity,18,,
2009,All Other Causes,M,White Non-Hispanic,1818,1351,1185
2009,Alzheimer's Disease (G30),F,Asian and Pacific Islander,14,25,36
2009,Alzheimer's Disease (G30),F,Black Non-Hispanic,79,75,68
2009,Alzheimer's Disease (G30),F,Hispanic,56,47,62
2009,Alzheimer's Disease (G30),F,Not Stated/Unknown,,,
2009,Alzheimer's Disease (G30),F,Other Race/ Ethnicity,,,
2009,Alzheimer's Disease (G30),F,White Non-Hispanic,205,143,65
2009,Assault,M,Black Non-Hispanic,255,30,30
2009,Assault,M,Not Stated/Unknown,7,,
2009,Atherosclerosis (I70),F,Other Race/ Ethnicity,,,
2009,Cerebrovascular Disease,F,Asian and Pacific Islander,61,111,141
2009,Cerebrovascular Disease,F,Black Non-Hispanic,245,234,213
2009,Cerebrovascular Disease,F,Hispanic,154,129,16
2009,Cerebrovascular Disease,F,Not Stated/Unknown,5,,
2009,Cerebrovascular Disease,F,Other Race/ Ethnicity,,,
2009,Cerebrovascular Disease,F,White Non-Hispanic,390,271,152
2009,Cerebrovascular Disease,M,Asian and Pacific Islander,58,114,155
2009,Cerebrovascular Disease,M,Black Non-Hispanic,154,181,228
2009,Cerebrovascular Disease,M,Hispanic,143,127,211
2009,Cerebrovascular Disease,M,Other Race/ Ethnicity,,,
2009,Cerebrovascular Disease,M,White Non-Hispanic,227,169,142
2009,Certain Conditions originating in the Perinatal Period,F,Not Stated/Unknown,,,
2009,Certain Conditions originating in the Perinatal Period,F,Other Race/ Ethnicity,,,
2009,Certain Conditions originating in the Perinatal Period,M,Not Stated/Unknown,8,,
2009,Certain Conditions originating in the Perinatal Period,M,Other Race/ Ethnicity,,,
2009,"Chronic Liver Disease and Cirrhosis (K70, K73)",F,Not Stated/Unknown,,,
2009,"Chronic Liver Disease and Cirrhosis (K70, K73)",M,Asian and Pacific Islander,17,33,35
2009,"Chronic Liver Disease and Cirrhosis (K70, K73)",M,Hispanic,119,106,141
2009,"Chronic Liver Disease and Cirrhosis (K70, K73)",M,Not Stated/Unknown,10,,
2009,Chronic Lower Respiratory Diseases,F,Asian and Pacific Islander,30,55,74
2009,Chronic Lower Respiratory Diseases,F,Black Non-Hispanic,188,18,164
2009,Chronic Lower Respiratory Diseases,F,Hispanic,155,129,16
2009,Chronic Lower Respiratory Diseases,F,Not Stated/Unknown,7,,
2009,Chronic Lower Respiratory Diseases,F,Other Race/ Ethnicity,,,
2009,Chronic Lower Respiratory Diseases,F,White Non-Hispanic,458,319,191
2009,Chronic Lower Respiratory Diseases,M,Asian and Pacific Islander,51,10,169
2009,Chronic Lower Respiratory Diseases,M,Black Non-Hispanic,147,173,226
2009,Chronic Lower Respiratory Diseases,M,Hispanic,111,99,183
2009,Chronic Lower Respiratory Diseases,M,Not Stated/Unknown,6,,
2009,Chronic Lower Respiratory Diseases,M,White Non-Hispanic,371,276,233
2009,"Congenital Malformations, Deformations, and Chromosomal Abnormalities (Q00-Q99)",F,Other Race/ Ethnicity,,,
2009,Diabetes Mellitus,F,Asian and Pacific Islander,55,10,127
2009,Diabetes Mellitus,F,Black Non-Hispanic,384,367,337
2009,Diabetes Mellitus,F,Hispanic,215,18,222
2009,Diabetes Mellitus,F,Other Race/ Ethnicity,,,
2009,Diabetes Mellitus,F,White Non-Hispanic,229,159,95
2009,Diabetes Mellitus,M,Asian and Pacific Islander,48,94,133
2009,Diabetes Mellitus,M,Black Non-Hispanic,285,336,414
2009,Diabetes Mellitus,M,Hispanic,172,153,254
2009,Diabetes Mellitus,M,Other Race/ Ethnicity,,,
2009,Diabetes Mellitus,M,White Non-Hispanic,290,216,182
2009,Diseases of Heart,F,Asian and Pacific Islander,448,816,1087
2009,Diseases of Heart,F,Black Non-Hispanic,2535,2421,2209
2009,Diseases of Heart,F,Hispanic,1349,1127,1438
2009,Diseases of Heart,F,Not Stated/Unknown,111,,
2009,Diseases of Heart,F,Other Race/ Ethnicity,40,,
2009,Diseases of Heart,F,White Non-Hispanic,6297,4383,2262
2009,Diseases of Heart,M,Asian and Pacific Islander,554,1085,1588
2009,Diseases of Heart,M,Black Non-Hispanic,2068,2435,3189
2009,Diseases of Heart,M,Hispanic,1382,1231,2279
2009,Diseases of Heart,M,Not Stated/Unknown,94,,
2009,Diseases of Heart,M,Other Race/ Ethnicity,38,,
2009,Diseases of Heart,M,White Non-Hispanic,5168,3842,3198
2009,Essential Hypertension and Renal Diseases,F,Asian and Pacific Islander,18,33,46
2009,Essential Hypertension and Renal Diseases,F,Black Non-Hispanic,227,217,196
2009,Essential Hypertension and Renal Diseases,F,Hispanic,84,7,88
2009,Essential Hypertension and Renal Diseases,F,Other Race/ Ethnicity,,,
2009,Essential Hypertension and Renal Diseases,F,White Non-Hispanic,215,15,78
2009,Essential Hypertension and Renal Diseases,M,Asian and Pacific Islander,26,51,72
2009,Essential Hypertension and Renal Diseases,M,Black Non-Hispanic,131,154,19
2009,Essential Hypertension and Renal Diseases,M,Other Race/ Ethnicity,,,
2009,Essential Hypertension and Renal Diseases,M,White Non-Hispanic,148,11,91
2009,Human Immunodeficiency Virus Disease,F,Black Non-Hispanic,208,199,179
2009,Human Immunodeficiency Virus Disease,F,Hispanic,96,8,81
2009,Human Immunodeficiency Virus Disease,F,Not Stated/Unknown,,,
2009,Human Immunodeficiency Virus Disease,M,Black Non-Hispanic,329,387,385
2009,Human Immunodeficiency Virus Disease,M,Hispanic,196,175,20
2009,Human Immunodeficiency Virus Disease,M,Not Stated/Unknown,8,,
2009,Influenza (Flu) and Pneumonia,F,Asian and Pacific Islander,83,151,203
2009,Influenza (Flu) and Pneumonia,F,Black Non-Hispanic,281,268,245
2009,Influenza (Flu) and Pneumonia,F,Hispanic,216,18,228
2009,Influenza (Flu) and Pneumonia,F,Not Stated/Unknown,17,,
2009,Influenza (Flu) and Pneumonia,F,Other Race/ Ethnicity,5,,
2009,Influenza (Flu) and Pneumonia,F,White Non-Hispanic,629,438,231
2009,Influenza (Flu) and Pneumonia,M,Asian and Pacific Islander,84,165,261
2009,Influenza (Flu) and Pneumonia,M,Black Non-Hispanic,207,244,333
2009,Influenza (Flu) and Pneumonia,M,Hispanic,183,163,309
2009,Influenza (Flu) and Pneumonia,M,Not Stated/Unknown,14,,
2009,Influenza (Flu) and Pneumonia,M,Other Race/ Ethnicity,,,
2009,Influenza (Flu) and Pneumonia,M,White Non-Hispanic,555,413,343
2009,Suicide,F,Asian and Pacific Islander,17,31,31
2009,Suicide,M,Asian and Pacific Islander,35,69,67
2009,Suicide,M,White Non-Hispanic,191,142,13
2009,Malignant Neoplasms,F,Asian and Pacific Islander,398,725,835
2009,Malignant Neoplasms,F,Black Non-Hispanic,1735,1657,1511
2009,Malignant Neoplasms,F,Hispanic,1097,916,1072
2009,Malignant Neoplasms,F,Not Stated/Unknown,41,,
2009,Malignant Neoplasms,F,Other Race/ Ethnicity,19,,
2009,Malignant Neoplasms,F,White Non-Hispanic,3346,2329,159
2009,Malignant Neoplasms,M,Asian and Pacific Islander,506,991,127
2009,Malignant Neoplasms,M,Black Non-Hispanic,1557,1834,2288
2009,Malignant Neoplasms,M,Hispanic,1180,1051,1722
2009,Malignant Neoplasms,M,Not Stated/Unknown,47,,
2009,Malignant Neoplasms,M,Other Race/ Ethnicity,12,,
2009,Malignant Neoplasms,M,White Non-Hispanic,3236,2405,2056
2009,Mental and Behavioral Disorders due to Accidental Poisoning and Other Psychoactive Substance Use,F,Hispanic,57,48,47
2009,Mental and Behavioral Disorders due to Accidental Poisoning and Other Psychoactive Substance Use,F,White Non-Hispanic,75,52,51
2009,Mental and Behavioral Disorders due to Accidental Poisoning and Other Psychoactive Substance Use,M,Hispanic,145,129,135
2009,Mental and Behavioral Disorders due to Accidental Poisoning and Other Psychoactive Substance Use,M,Not Stated/Unknown,7,,
2009,Mental and Behavioral Disorders due to Accidental Poisoning and Other Psychoactive Substance Use,M,Other Race/ Ethnicity,,,
2009,Mental and Behavioral Disorders due to Accidental Poisoning and Other Psychoactive Substance Use,M,White Non-Hispanic,221,164,148
2009,"Nephritis, Nephrotic Syndrome and Nephrisis",F,Black Non-Hispanic,75,72,67
2009,"Nephritis, Nephrotic Syndrome and Nephrisis",F,Other Race/ Ethnicity,,,
2009,"Nephritis, Nephrotic Syndrome and Nephrisis",M,Other Race/ Ethnicity,,,
2009,Septicemia (A40-A41),F,Not Stated/Unknown,,,
2010,Accidents Except Drug Posioning,F,Asian and Pacific Islander,25,44,51
2010,Accidents Except Drug Posioning,F,Hispanic,58,48,52
2010,Accidents Except Drug Posioning,F,Not Stated/Unknown,,,
2010,Accidents Except Drug Posioning,F,Other Race/ Ethnicity,,,
2010,Accidents Except Drug Posioning,F,White Non-Hispanic,163,114,78
2010,Accidents Except Drug Posioning,M,Asian and Pacific Islander,54,104,137
2010,Accidents Except Drug Posioning,M,Black Non-Hispanic,147,173,183
2010,Accidents Except Drug Posioning,M,Hispanic,132,116,139
2010,Accidents Except Drug Posioning,M,Not Stated/Unknown,10,,
2010,Accidents Except Drug Posioning,M,Other Race/ Ethnicity,5,,
2010,Accidents Except Drug Posioning,M,White Non-Hispanic,271,202,184
2010,All Other Causes,F,Asian and Pacific Islander,238,423,516
2010,All Other Causes,F,Black Non-Hispanic,1326,1265,1174
2010,All Other Causes,F,Hispanic,1007,827,946
2010,All Other Causes,F,Not Stated/Unknown,18,,
2010,All Other Causes,F,Other Race/ Ethnicity,27,,
2010,All Other Causes,F,White Non-Hispanic,2140,1497,939
2010,All Other Causes,M,Asian and Pacific Islander,308,592,772
2010,All Other Causes,M,Black Non-Hispanic,1230,1445,1662
2010,All Other Causes,M,Hispanic,1167,1021,150
2010,All Other Causes,M,Not Stated/Unknown,32,,
2010,All Other Causes,M,Other Race/ Ethnicity,25,,
2010,All Other Causes,M,White Non-Hispanic,2034,1516,1309
2010,Alzheimer's Disease (G30),F,Black Non-Hispanic,88,84,73
2010,Alzheimer's Disease (G30),F,Hispanic,71,58,75
2010,Alzheimer's Disease (G30),F,White Non-Hispanic,247,173,75
2010,Assault,M,Black Non-Hispanic,299,351,355
2010,Assault,M,Other Race/ Ethnicity,,,
2010,Atherosclerosis (I70),F,Not Stated/Unknown,,,
2010,Cerebrovascular Disease,F,Asian and Pacific Islander,89,158,192
2010,Cerebrovascular Disease,F,Black Non-Hispanic,259,247,222
2010,Cerebrovascular Disease,F,Hispanic,168,138,167
2010,Cerebrovascular Disease,F,Not Stated/Unknown,,,
2010,Cerebrovascular Disease,F,Other Race/ Ethnicity,,,
2010,Cerebrovascular Disease,F,White Non-Hispanic,382,267,141
2010,Cerebrovascular Disease,M,Asian and Pacific Islander,83,159,213
2010,Cerebrovascular Disease,M,Black Non-Hispanic,171,201,239
2010,Cerebrovascular Disease,M,Hispanic,140,123,214
2010,Cerebrovascular Disease,M,Not Stated/Unknown,,,
2010,Cerebrovascular Disease,M,Other Race/ Ethnicity,,,
2010,Cerebrovascular Disease,M,White Non-Hispanic,276,206,172
2010,Certain Conditions originating in the Perinatal Period,F,Asian and Pacific Islander,18,32,4
2010,Certain Conditions originating in the Perinatal Period,F,Not Stated/Unknown,5,,
2010,Certain Conditions originating in the Perinatal Period,M,Not Stated/Unknown,6,,
2010,"Chronic Liver Disease and Cirrhosis (K70, K73)",M,Asian and Pacific Islander,18,35,31
2010,"Chronic Liver Disease and Cirrhosis (K70, K73)",M,Hispanic,150,131,176
2010,"Chronic Liver Disease and Cirrhosis (K70, K73)",M,Other Race/ Ethnicity,,,
2010,Chronic Lower Respiratory Diseases,F,Asian and Pacific Islander,28,5,67
2010,Chronic Lower Respiratory Diseases,F,Black Non-Hispanic,206,196,177
2010,Chronic Lower Respiratory Diseases,F,Hispanic,156,128,154
2010,Chronic Lower Respiratory Diseases,F,Not Stated/Unknown,6,,
2010,Chronic Lower Respiratory Diseases,F,White Non-Hispanic,501,35,207
2010,Chronic Lower Respiratory Diseases,M,Asian and Pacific Islander,61,117,178
2010,Chronic Lower Respiratory Diseases,M,Black Non-Hispanic,202,237,309
2010,Chronic Lower Respiratory Diseases,M,Hispanic,149,13,239
2010,Chronic Lower Respiratory Diseases,M,Not Stated/Unknown,12,,
2010,Chronic Lower Respiratory Diseases,M,Other Race/ Ethnicity,5,,
2010,Chronic Lower Respiratory Diseases,M,White Non-Hispanic,388,289,242
2010,Diabetes Mellitus,F,Asian and Pacific Islander,51,91,113
2010,Diabetes Mellitus,F,Black Non-Hispanic,384,366,33
2010,Diabetes Mellitus,F,Hispanic,219,18,215
2010,Diabetes Mellitus,F,Not Stated/Unknown,5,,
2010,Diabetes Mellitus,F,Other Race/ Ethnicity,7,,
2010,Diabetes Mellitus,F,White Non-Hispanic,258,18,111
2010,Diabetes Mellitus,M,Asian and Pacific Islander,64,123,155
2010,Diabetes Mellitus,M,Black Non-Hispanic,279,328,41
2010,Diabetes Mellitus,M,Hispanic,187,164,273
2010,Diabetes Mellitus,M,Not Stated/Unknown,7,,
2010,Diabetes Mellitus,M,Other Race/ Ethnicity,5,,
2010,Diabetes Mellitus,M,White Non-Hispanic,245,183,156
2010,Diseases of Heart,F,Asian and Pacific Islander,394,701,897
2010,Diseases of Heart,F,Black Non-Hispanic,2282,2177,1942
2010,Diseases of Heart,F,Hispanic,1316,1081,1332
2010,Diseases of Heart,F,Not Stated/Unknown,70,,
2010,Diseases of Heart,F,Other Race/ Ethnicity,50,,
2010,Diseases of Heart,F,White Non-Hispanic,5351,3742,1892
2010,Diseases of Heart,M,Asian and Pacific Islander,478,918,130
2010,Diseases of Heart,M,Black Non-Hispanic,2015,2367,3077
2010,Diseases of Heart,M,Hispanic,1354,1185,2155
2010,Diseases of Heart,M,Not Stated/Unknown,70,,
2010,Diseases of Heart,M,Other Race/ Ethnicity,52,,
2010,Diseases of Heart,M,White Non-Hispanic,4495,3351,277
2010,Essential Hypertension and Renal Diseases,F,Asian and Pacific Islander,33,59,71
2010,Essential Hypertension and Renal Diseases,F,Black Non-Hispanic,252,24,214
2010,Essential Hypertension and Renal Diseases,F,Hispanic,95,78,95
2010,Essential Hypertension and Renal Diseases,F,Not Stated/Unknown,5,,
2010,Essential Hypertension and Renal Diseases,F,Other Race/ Ethnicity,,,
2010,Essential Hypertension and Renal Diseases,F,White Non-Hispanic,219,153,77
2010,Essential Hypertension and Renal Diseases,M,Asian and Pacific Islander,30,58,87
2010,Essential Hypertension and Renal Diseases,M,Black Non-Hispanic,178,209,277
2010,Essential Hypertension and Renal Diseases,M,White Non-Hispanic,153,114,94
2010,Human Immunodeficiency Virus Disease,F,Black Non-Hispanic,152,145,129
2010,Human Immunodeficiency Virus Disease,F,Hispanic,79,65,65
2010,Human Immunodeficiency Virus Disease,M,Black Non-Hispanic,297,349,34
2010,Human Immunodeficiency Virus Disease,M,Hispanic,189,165,184
2010,Human Immunodeficiency Virus Disease,M,Not Stated/Unknown,8,,
2010,Influenza (Flu) and Pneumonia,F,Asian and Pacific Islander,74,132,169
2010,Influenza (Flu) and Pneumonia,F,Black Non-Hispanic,275,262,236
2010,Influenza (Flu) and Pneumonia,F,Hispanic,228,187,231
2010,Influenza (Flu) and Pneumonia,F,Not Stated/Unknown,,,
2010,Influenza (Flu) and Pneumonia,F,Other Race/ Ethnicity,,,
2010,Influenza (Flu) and Pneumonia,F,White Non-Hispanic,707,494,248
2010,Influenza (Flu) and Pneumonia,M,Asian and Pacific Islander,108,207,317
2010,Influenza (Flu) and Pneumonia,M,Black Non-Hispanic,201,236,318
2010,Influenza (Flu) and Pneumonia,M,Hispanic,235,206,389
2010,Influenza (Flu) and Pneumonia,M,Not Stated/Unknown,,,
2010,Influenza (Flu) and Pneumonia,M,Other Race/ Ethnicity,6,,
2010,Influenza (Flu) and Pneumonia,M,White Non-Hispanic,614,458,376
2010,Insitu or Benign / Uncertain Neoplasms (D00-D48),F,Not Stated/Unknown,,,
2010,Insitu or Benign / Uncertain Neoplasms (D00-D48),F,Other Race/ Ethnicity,,,
2010,Suicide,F,Asian and Pacific Islander,17,3,29
2010,Suicide,F,Other Race/ Ethnicity,5,,
2010,Suicide,M,Asian and Pacific Islander,46,88,87
2010,Suicide,M,Not Stated/Unknown,,,
2010,Suicide,M,Other Race/ Ethnicity,,,
2010,Suicide,M,White Non-Hispanic,182,136,123
2010,Malignant Neoplasms,F,Asian and Pacific Islander,414,736,799
2010,Malignant Neoplasms,F,Black Non-Hispanic,1768,1686,1518
2010,Malignant Neoplasms,F,Hispanic,1045,859,985
2010,Malignant Neoplasms,F,Not Stated/Unknown,29,,
2010,Malignant Neoplasms,F,Other Race/ Ethnicity,34,,
2010,Malignant Neoplasms,F,White Non-Hispanic,3438,2404,163
2010,Malignant Neoplasms,M,Asian and Pacific Islander,526,101,1245
2010,Malignant Neoplasms,M,Black Non-Hispanic,1540,1809,2241
2010,Malignant Neoplasms,M,Hispanic,1057,925,150
2010,Malignant Neoplasms,M,Not Stated/Unknown,46,,
2010,Malignant Neoplasms,M,Other Race/ Ethnicity,25,,
2010,Malignant Neoplasms,M,White Non-Hispanic,3408,2541,2166
2010,Mental and Behavioral Disorders due to Accidental Poisoning and Other Psychoactive Substance Use,F,Other Race/ Ethnicity,,,
2010,Mental and Behavioral Disorders due to Accidental Poisoning and Other Psychoactive Substance Use,M,Hispanic,138,121,129
2010,Mental and Behavioral Disorders due to Accidental Poisoning and Other Psychoactive Substance Use,M,Not Stated/Unknown,6,,
2010,Mental and Behavioral Disorders due to Accidental Poisoning and Other Psychoactive Substance Use,M,White Non-Hispanic,211,157,145
2010,Mental and Behavioral Disorders due to Use of Alcohol (F10),M,Other Race/ Ethnicity,,,
2010,"Nephritis, Nephrotic Syndrome and Nephrisis",F,Black Non-Hispanic,86,82,74
2010,Septicemia (A40-A41),F,Not Stated/Unknown,,,
2010,Septicemia (A40-A41),F,White Non-Hispanic,107,75,43
2010,Viral Hepatitis (B15-B19),F,Not Stated/Unknown,,,
2010,Viral Hepatitis (B15-B19),M,Not Stated/Unknown,,,
2011,Accidents Except Drug Posioning,F,Asian and Pacific Islander,43,75,85
2011,Accidents Except Drug Posioning,F,Other Race/ Ethnicity,,,
2011,Accidents Except Drug Posioning,F,White Non-Hispanic,184,13,82
2011,Accidents Except Drug Posioning,M,Asian and Pacific Islander,61,115,148
2011,Accidents Except Drug Posioning,M,Hispanic,180,156,189
2011,Accidents Except Drug Posioning,M,Not Stated/Unknown,,,
2011,Accidents Except Drug Posioning,M,Other Race/ Ethnicity,10,,
2011,Accidents Except Drug Posioning,M,White Non-Hispanic,272,204,181
2011,All Other Causes,F,Asian and Pacific Islander,278,487,574
2011,All Other Causes,F,Black Non-Hispanic,1473,1407,1288
2011,All Other Causes,F,Hispanic,1025,837,948
2011,All Other Causes,F,Not Stated/Unknown,14,,
2011,All Other Causes,F,Other Race/ Ethnicity,38,,
2011,All Other Causes,F,White Non-Hispanic,2445,1726,1054
2011,All Other Causes,M,Asian and Pacific Islander,340,643,851
2011,All Other Causes,M,Black Non-Hispanic,1337,1567,1817
2011,All Other Causes,M,Hispanic,1207,1047,1511
2011,All Other Causes,M,Not Stated/Unknown,38,,
2011,All Other Causes,M,Other Race/ Ethnicity,27,,
2011,All Other Causes,M,White Non-Hispanic,2165,1623,1395
2011,Alzheimer's Disease (G30),F,Asian and Pacific Islander,24,42,54
2011,Alzheimer's Disease (G30),F,Black Non-Hispanic,90,86,74
2011,Alzheimer's Disease (G30),F,Hispanic,90,73,91
2011,Alzheimer's Disease (G30),F,Not Stated/Unknown,,,
2011,Alzheimer's Disease (G30),F,Other Race/ Ethnicity,,,
2011,Alzheimer's Disease (G30),F,White Non-Hispanic,231,163,72
2011,Assault,F,Not Stated/Unknown,,,
2011,Assault,M,Black Non-Hispanic,266,312,315
2011,Assault,M,Other Race/ Ethnicity,,,
2011,Cerebrovascular Disease,F,Asian and Pacific Islander,98,172,206
2011,Cerebrovascular Disease,F,Black Non-Hispanic,281,268,236
2011,Cerebrovascular Disease,F,Hispanic,179,146,173
2011,Cerebrovascular Disease,F,Not Stated/Unknown,,,
2011,Cerebrovascular Disease,F,Other Race/ Ethnicity,5,,
2011,Cerebrovascular Disease,F,White Non-Hispanic,466,329,176
2011,Cerebrovascular Disease,M,Asian and Pacific Islander,79,15,185
2011,Cerebrovascular Disease,M,Black Non-Hispanic,200,234,281
2011,Cerebrovascular Disease,M,Hispanic,147,128,209
2011,Cerebrovascular Disease,M,White Non-Hispanic,290,217,182
2011,Certain Conditions originating in the Perinatal Period,F,Not Stated/Unknown,14,,
2011,Certain Conditions originating in the Perinatal Period,M,Asian and Pacific Islander,19,36,42
2011,Certain Conditions originating in the Perinatal Period,M,Not Stated/Unknown,10,,
2011,Certain Conditions originating in the Perinatal Period,M,Other Race/ Ethnicity,,,
2011,"Chronic Liver Disease and Cirrhosis (K70, K73)",M,Hispanic,167,145,188
2011,"Chronic Liver Disease and Cirrhosis (K70, K73)",M,Other Race/ Ethnicity,5,,
2011,Chronic Lower Respiratory Diseases,F,Asian and Pacific Islander,30,53,66
2011,Chronic Lower Respiratory Diseases,F,Black Non-Hispanic,221,211,186
2011,Chronic Lower Respiratory Diseases,F,Hispanic,156,127,15
2011,Chronic Lower Respiratory Diseases,F,Not Stated/Unknown,5,,
2011,Chronic Lower Respiratory Diseases,F,Other Race/ Ethnicity,,,
2011,Chronic Lower Respiratory Diseases,F,White Non-Hispanic,510,36,21
2011,Chronic Lower Respiratory Diseases,M,Asian and Pacific Islander,73,138,22
2011,Chronic Lower Respiratory Diseases,M,Black Non-Hispanic,200,234,291
2011,Chronic Lower Respiratory Diseases,M,Hispanic,123,107,192
2011,Chronic Lower Respiratory Diseases,M,Not Stated/Unknown,,,
2011,Chronic Lower Respiratory Diseases,M,Other Race/ Ethnicity,,,
2011,Chronic Lower Respiratory Diseases,M,White Non-Hispanic,444,333,278
2011,"Congenital Malformations, Deformations, and Chromosomal Abnormalities (Q00-Q99)",M,Not Stated/Unknown,,,
2011,Diabetes Mellitus,F,Asian and Pacific Islander,51,89,107
2011,Diabetes Mellitus,F,Black Non-Hispanic,410,392,347
2011,Diabetes Mellitus,F,Hispanic,196,16,185
2011,Diabetes Mellitus,F,Not Stated/Unknown,6,,
2011,Diabetes Mellitus,F,Other Race/ Ethnicity,8,,
2011,Diabetes Mellitus,F,White Non-Hispanic,253,179,111
2011,Diabetes Mellitus,M,Asian and Pacific Islander,60,114,143
2011,Diabetes Mellitus,M,Black Non-Hispanic,307,36,439
2011,Diabetes Mellitus,M,Hispanic,200,173,292
2011,Diabetes Mellitus,M,Not Stated/Unknown,7,,
2011,Diabetes Mellitus,M,Other Race/ Ethnicity,14,,
2011,Diabetes Mellitus,M,White Non-Hispanic,258,193,163
2011,Diseases of Heart,F,Asian and Pacific Islander,402,705,861
2011,Diseases of Heart,F,Black Non-Hispanic,2243,2143,1867
2011,Diseases of Heart,F,Hispanic,1348,110,1318
2011,Diseases of Heart,F,Not Stated/Unknown,43,,
2011,Diseases of Heart,F,Other Race/ Ethnicity,31,,
2011,Diseases of Heart,F,White Non-Hispanic,5016,3541,1798
2011,Diseases of Heart,M,Asian and Pacific Islander,452,855,1178
2011,Diseases of Heart,M,Black Non-Hispanic,1840,2157,2683
2011,Diseases of Heart,M,Hispanic,1201,1042,1808
2011,Diseases of Heart,M,Not Stated/Unknown,62,,
2011,Diseases of Heart,M,Other Race/ Ethnicity,42,,
2011,Diseases of Heart,M,White Non-Hispanic,4220,3164,2602
2011,Essential Hypertension and Renal Diseases,F,Asian and Pacific Islander,46,81,102
2011,Essential Hypertension and Renal Diseases,F,Black Non-Hispanic,225,215,187
2011,Essential Hypertension and Renal Diseases,F,Hispanic,83,68,81
2011,Essential Hypertension and Renal Diseases,F,Not Stated/Unknown,,,
2011,Essential Hypertension and Renal Diseases,F,Other Race/ Ethnicity,,,
2011,Essential Hypertension and Renal Diseases,F,White Non-Hispanic,199,14,68
2011,Essential Hypertension and Renal Diseases,M,Asian and Pacific Islander,37,7,105
2011,Essential Hypertension and Renal Diseases,M,Black Non-Hispanic,154,181,217
2011,Essential Hypertension and Renal Diseases,M,Not Stated/Unknown,,,
2011,Essential Hypertension and Renal Diseases,M,White Non-Hispanic,142,106,88
2011,Human Immunodeficiency Virus Disease,F,Black Non-Hispanic,144,138,124
2011,Human Immunodeficiency Virus Disease,F,Hispanic,70,57,57
2011,Human Immunodeficiency Virus Disease,F,Not Stated/Unknown,,,
2011,Human Immunodeficiency Virus Disease,M,Black Non-Hispanic,277,325,318
2011,Human Immunodeficiency Virus Disease,M,Hispanic,162,141,162
2011,Human Immunodeficiency Virus Disease,M,Not Stated/Unknown,10,,
2011,Influenza (Flu) and Pneumonia,F,Asian and Pacific Islander,83,145,178
2011,Influenza (Flu) and Pneumonia,F,Black Non-Hispanic,273,261,228
2011,Influenza (Flu) and Pneumonia,F,Hispanic,218,178,215
2011,Influenza (Flu) and Pneumonia,F,Not Stated/Unknown,8,,
2011,Influenza (Flu) and Pneumonia,F,Other Race/ Ethnicity,6,,
2011,Influenza (Flu) and Pneumonia,F,White Non-Hispanic,696,491,254
2011,Influenza (Flu) and Pneumonia,M,Asian and Pacific Islander,94,178,287
2011,Influenza (Flu) and Pneumonia,M,Black Non-Hispanic,243,285,38
2011,Influenza (Flu) and Pneumonia,M,Hispanic,209,181,344
2011,Influenza (Flu) and Pneumonia,M,Not Stated/Unknown,8,,
2011,Influenza (Flu) and Pneumonia,M,Other Race/ Ethnicity,7,,
2011,Influenza (Flu) and Pneumonia,M,White Non-Hispanic,646,484,393
2011,Suicide,F,Asian and Pacific Islander,21,37,37
2011,Suicide,F,Other Race/ Ethnicity,,,
2011,Suicide,M,Asian and Pacific Islander,49,93,94
2011,Suicide,M,Not Stated/Unknown,,,
2011,Suicide,M,Other Race/ Ethnicity,5,,
2011,Suicide,M,White Non-Hispanic,177,133,12
2011,Malignant Neoplasms,F,Asian and Pacific Islander,451,791,861
2011,Malignant Neoplasms,F,Black Non-Hispanic,1918,1832,1633
2011,Malignant Neoplasms,F,Hispanic,1085,886,996
2011,Malignant Neoplasms,F,Not Stated/Unknown,11,,
2011,Malignant Neoplasms,F,Other Race/ Ethnicity,33,,
2011,Malignant Neoplasms,F,White Non-Hispanic,3371,238,1611
2011,Malignant Neoplasms,M,Asian and Pacific Islander,550,1041,1304
2011,Malignant Neoplasms,M,Black Non-Hispanic,1590,1864,2244
2011,Malignant Neoplasms,M,Hispanic,1144,992,1577
2011,Malignant Neoplasms,M,Not Stated/Unknown,27,,
2011,Malignant Neoplasms,M,Other Race/ Ethnicity,36,,
2011,Malignant Neoplasms,M,White Non-Hispanic,3222,2416,2061
2011,Mental and Behavioral Disorders due to Accidental Poisoning and Other Psychoactive Substance Use,F,Hispanic,56,46,45
2011,Mental and Behavioral Disorders due to Accidental Poisoning and Other Psychoactive Substance Use,F,Not Stated/Unknown,,,
2011,Mental and Behavioral Disorders due to Accidental Poisoning and Other Psychoactive Substance Use,F,White Non-Hispanic,88,62,61
2011,Mental and Behavioral Disorders due to Accidental Poisoning and Other Psychoactive Substance Use,M,Black Non-Hispanic,135,158,148
2011,Mental and Behavioral Disorders due to Accidental Poisoning and Other Psychoactive Substance Use,M,Hispanic,145,126,13
2011,Mental and Behavioral Disorders due to Accidental Poisoning and Other Psychoactive Substance Use,M,Not Stated/Unknown,5,,
2011,Mental and Behavioral Disorders due to Accidental Poisoning and Other Psychoactive Substance Use,M,White Non-Hispanic,254,19,173
2011,"Nephritis, Nephrotic Syndrome and Nephrisis",F,Black Non-Hispanic,83,79,69
2011,"Nephritis, Nephrotic Syndrome and Nephrisis",F,Not Stated/Unknown,,,
2011,Parkinson's Disease (G20),F,Not Stated/Unknown,,,
2011,Septicemia (A40-A41),F,Not Stated/Unknown,,,
2011,Tuberculosis (A16-A19),F,Not Stated/Unknown,,,
2011,Viral Hepatitis (B15-B19),M,Not Stated/Unknown,,,
2012,Accidents Except Drug Posioning,F,Asian and Pacific Islander,34,58,64
2012,Accidents Except Drug Posioning,F,Hispanic,60,48,52
2012,Accidents Except Drug Posioning,F,Not Stated/Unknown,,,
2012,Accidents Except Drug Posioning,F,White Non-Hispanic,177,125,85
2012,Accidents Except Drug Posioning,M,Asian and Pacific Islander,56,104,12
2012,Accidents Except Drug Posioning,M,Black Non-Hispanic,152,178,186
2012,Accidents Except Drug Posioning,M,Hispanic,191,163,197
2012,Accidents Except Drug Posioning,M,Not Stated/Unknown,11,,
2012,Accidents Except Drug Posioning,M,Other Race/ Ethnicity,5,,
2012,Accidents Except Drug Posioning,M,White Non-Hispanic,286,214,188
2012,All Other Causes,F,Asian and Pacific Islander,327,56,65
2012,All Other Causes,F,Black Non-Hispanic,1483,1419,1273
2012,All Other Causes,F,Hispanic,1109,895,988
2012,All Other Causes,F,Not Stated/Unknown,53,,
2012,All Other Causes,F,Other Race/ Ethnicity,22,,
2012,All Other Causes,F,White Non-Hispanic,2444,1723,1051
2012,All Other Causes,M,Asian and Pacific Islander,333,616,797
2012,All Other Causes,M,Black Non-Hispanic,1320,1543,175
2012,All Other Causes,M,Hispanic,1199,1026,1505
2012,All Other Causes,M,Not Stated/Unknown,78,,
2012,All Other Causes,M,Other Race/ Ethnicity,24,,
2012,All Other Causes,M,White Non-Hispanic,2316,1729,1457
2012,Alzheimer's Disease (G30),F,Black Non-Hispanic,115,11,89
2012,Alzheimer's Disease (G30),F,Hispanic,126,102,122
2012,Alzheimer's Disease (G30),F,Other Race/ Ethnicity,,,
2012,Alzheimer's Disease (G30),F,White Non-Hispanic,222,157,72
2012,Aortic Aneurysm and Dissection (I71),F,Other Race/ Ethnicity,,,
2012,Assault,F,Other Race/ Ethnicity,,,
2012,Assault,M,Black Non-Hispanic,235,275,276
2012,Assault,M,Other Race/ Ethnicity,,,
2012,Cerebrovascular Disease,F,Asian and Pacific Islander,102,175,207
2012,Cerebrovascular Disease,F,Black Non-Hispanic,271,259,221
2012,Cerebrovascular Disease,F,Hispanic,169,136,157
2012,Cerebrovascular Disease,F,Not Stated/Unknown,9,,
2012,Cerebrovascular Disease,F,Other Race/ Ethnicity,8,,
2012,Cerebrovascular Disease,F,White Non-Hispanic,416,293,154
2012,Cerebrovascular Disease,M,Asian and Pacific Islander,70,13,175
2012,Cerebrovascular Disease,M,Black Non-Hispanic,170,199,233
2012,Cerebrovascular Disease,M,Hispanic,129,11,172
2012,Cerebrovascular Disease,M,Not Stated/Unknown,10,,
2012,Cerebrovascular Disease,M,Other Race/ Ethnicity,7,,
2012,Cerebrovascular Disease,M,White Non-Hispanic,285,213,176
2012,Certain Conditions originating in the Perinatal Period,F,Not Stated/Unknown,11,,
2012,Certain Conditions originating in the Perinatal Period,M,Not Stated/Unknown,17,,
2012,Certain Conditions originating in the Perinatal Period,M,Other Race/ Ethnicity,,,
2012,"Chronic Liver Disease and Cirrhosis (K70, K73)",F,Hispanic,54,44,46
2012,"Chronic Liver Disease and Cirrhosis (K70, K73)",M,Asian and Pacific Islander,20,37,41
2012,"Chronic Liver Disease and Cirrhosis (K70, K73)",M,Hispanic,143,122,15
2012,Chronic Lower Respiratory Diseases,F,Asian and Pacific Islander,39,67,8
2012,Chronic Lower Respiratory Diseases,F,Black Non-Hispanic,204,195,169
2012,Chronic Lower Respiratory Diseases,F,Hispanic,158,128,146
2012,Chronic Lower Respiratory Diseases,F,Not Stated/Unknown,8,,
2012,Chronic Lower Respiratory Diseases,F,White Non-Hispanic,507,357,214
2012,Chronic Lower Respiratory Diseases,M,Asian and Pacific Islander,55,102,151
2012,Chronic Lower Respiratory Diseases,M,Black Non-Hispanic,184,215,273
2012,Chronic Lower Respiratory Diseases,M,Hispanic,132,113,192
2012,Chronic Lower Respiratory Diseases,M,Not Stated/Unknown,11,,
2012,Chronic Lower Respiratory Diseases,M,White Non-Hispanic,352,263,218
2012,"Congenital Malformations, Deformations, and Chromosomal Abnormalities (Q00-Q99)",F,Not Stated/Unknown,8,,
2012,"Congenital Malformations, Deformations, and Chromosomal Abnormalities (Q00-Q99)",F,Other Race/ Ethnicity,,,
2012,Diabetes Mellitus,F,Asian and Pacific Islander,57,98,114
2012,Diabetes Mellitus,F,Black Non-Hispanic,409,391,338
2012,Diabetes Mellitus,F,Hispanic,200,161,184
2012,Diabetes Mellitus,F,Not Stated/Unknown,15,,
2012,Diabetes Mellitus,F,Other Race/ Ethnicity,9,,
2012,Diabetes Mellitus,F,White Non-Hispanic,240,169,103
2012,Diabetes Mellitus,M,Asian and Pacific Islander,76,141,18
2012,Diabetes Mellitus,M,Black Non-Hispanic,308,36,429
2012,Diabetes Mellitus,M,Hispanic,194,166,261
2012,Diabetes Mellitus,M,Other Race/ Ethnicity,8,,
2012,Diabetes Mellitus,M,White Non-Hispanic,292,218,181
2012,Diseases of Heart,F,Asian and Pacific Islander,402,688,812
2012,Diseases of Heart,F,Black Non-Hispanic,2269,2171,1839
2012,Diseases of Heart,F,Hispanic,1263,102,1184
2012,Diseases of Heart,F,Not Stated/Unknown,76,,
2012,Diseases of Heart,F,Other Race/ Ethnicity,48,,
2012,Diseases of Heart,F,White Non-Hispanic,4719,3327,1677
2012,Diseases of Heart,M,Asian and Pacific Islander,469,868,1169
2012,Diseases of Heart,M,Black Non-Hispanic,1940,2268,2807
2012,Diseases of Heart,M,Hispanic,1251,1071,1825
2012,Diseases of Heart,M,Not Stated/Unknown,99,,
2012,Diseases of Heart,M,Other Race/ Ethnicity,39,,
2012,Diseases of Heart,M,White Non-Hispanic,4156,3103,2524
2012,Essential Hypertension and Renal Diseases,F,Asian and Pacific Islander,39,67,78
2012,Essential Hypertension and Renal Diseases,F,Black Non-Hispanic,214,205,174
2012,Essential Hypertension and Renal Diseases,F,Hispanic,101,82,95
2012,Essential Hypertension and Renal Diseases,F,Not Stated/Unknown,5,,
2012,Essential Hypertension and Renal Diseases,F,Other Race/ Ethnicity,,,
2012,Essential Hypertension and Renal Diseases,F,White Non-Hispanic,199,14,72
2012,Essential Hypertension and Renal Diseases,M,Asian and Pacific Islander,39,72,108
2012,Essential Hypertension and Renal Diseases,M,Black Non-Hispanic,143,167,213
2012,Essential Hypertension and Renal Diseases,M,White Non-Hispanic,153,114,93
2012,Human Immunodeficiency Virus Disease,F,Black Non-Hispanic,136,13,116
2012,Human Immunodeficiency Virus Disease,M,Black Non-Hispanic,223,261,258
2012,Human Immunodeficiency Virus Disease,M,Hispanic,103,88,101
2012,Human Immunodeficiency Virus Disease,M,Not Stated/Unknown,9,,
2012,Influenza (Flu) and Pneumonia,F,Asian and Pacific Islander,74,127,151
2012,Influenza (Flu) and Pneumonia,F,Black Non-Hispanic,295,282,241
2012,Influenza (Flu) and Pneumonia,F,Hispanic,209,169,196
2012,Influenza (Flu) and Pneumonia,F,Not Stated/Unknown,6,,
2012,Influenza (Flu) and Pneumonia,F,Other Race/ Ethnicity,6,,
2012,Influenza (Flu) and Pneumonia,F,White Non-Hispanic,576,406,202
2012,Influenza (Flu) and Pneumonia,M,Asian and Pacific Islander,76,141,209
2012,Influenza (Flu) and Pneumonia,M,Black Non-Hispanic,242,283,374
2012,Influenza (Flu) and Pneumonia,M,Hispanic,205,175,315
2012,Influenza (Flu) and Pneumonia,M,Not Stated/Unknown,11,,
2012,Influenza (Flu) and Pneumonia,M,Other Race/ Ethnicity,,,
2012,Influenza (Flu) and Pneumonia,M,White Non-Hispanic,540,403,323
2012,Suicide,F,Asian and Pacific Islander,33,56,58
2012,Suicide,M,Asian and Pacific Islander,40,74,73
2012,Suicide,M,Not Stated/Unknown,8,,
2012,Suicide,M,Other Race/ Ethnicity,,,
2012,Suicide,M,White Non-Hispanic,199,149,136
2012,Malignant Neoplasms,F,Asian and Pacific Islander,461,789,838
2012,Malignant Neoplasms,F,Black Non-Hispanic,1912,1829,1591
2012,Malignant Neoplasms,F,Hispanic,1125,908,1005
2012,Malignant Neoplasms,F,Not Stated/Unknown,36,,
2012,Malignant Neoplasms,F,Other Race/ Ethnicity,29,,
2012,Malignant Neoplasms,F,White Non-Hispanic,3256,2296,1573
2012,Malignant Neoplasms,M,Asian and Pacific Islander,622,1151,1384
2012,Malignant Neoplasms,M,Black Non-Hispanic,1563,1827,2153
2012,Malignant Neoplasms,M,Hispanic,1126,964,151
2012,Malignant Neoplasms,M,Not Stated/Unknown,53,,
2012,Malignant Neoplasms,M,Other Race/ Ethnicity,34,,
2012,Malignant Neoplasms,M,White Non-Hispanic,3184,2377,2007
2012,Mental and Behavioral Disorders due to Accidental Poisoning and Other Psychoactive Substance Use,F,Other Race/ Ethnicity,,,
2012,Mental and Behavioral Disorders due to Accidental Poisoning and Other Psychoactive Substance Use,M,Hispanic,173,148,155
2012,Mental and Behavioral Disorders due to Accidental Poisoning and Other Psychoactive Substance Use,M,Not Stated/Unknown,7,,
2012,Mental and Behavioral Disorders due to Accidental Poisoning and Other Psychoactive Substance Use,M,White Non-Hispanic,272,203,187
2012,"Nephritis, Nephrotic Syndrome and Nephrisis",F,Asian and Pacific Islander,22,38,43
2012,"Nephritis, Nephrotic Syndrome and Nephrisis",F,Black Non-Hispanic,76,73,63
2012,Septicemia (A40-A41),F,Other Race/ Ethnicity,,,
2012,Septicemia (A40-A41),F,White Non-Hispanic,113,8,42
2012,Septicemia (A40-A41),M,Other Race/ Ethnicity,6,,
2013,Accidents Except Drug Posioning,F,Asian and Pacific Islander,35,58,63
2013,Accidents Except Drug Posioning,F,Hispanic,60,48,51
2013,Accidents Except Drug Posioning,F,Other Race/ Ethnicity,,,
2013,Accidents Except Drug Posioning,F,White Non-Hispanic,166,117,81
2013,Accidents Except Drug Posioning,M,Asian and Pacific Islander,63,114,128
2013,Accidents Except Drug Posioning,M,Black Non-Hispanic,159,185,191
2013,Accidents Except Drug Posioning,M,Hispanic,189,16,19
2013,Accidents Except Drug Posioning,M,Other Race/ Ethnicity,5,,
2013,Accidents Except Drug Posioning,M,White Non-Hispanic,271,201,179
2013,All Other Causes,F,Asian and Pacific Islander,320,533,59
2013,All Other Causes,F,Black Non-Hispanic,1557,1491,1295
2013,All Other Causes,F,Hispanic,1082,867,94
2013,All Other Causes,F,Not Stated/Unknown,79,,
2013,All Other Causes,F,Other Race/ Ethnicity,39,,
2013,All Other Causes,F,White Non-Hispanic,2595,1825,1111
2013,All Other Causes,M,Asian and Pacific Islander,395,713,898
2013,All Other Causes,M,Black Non-Hispanic,1341,1563,1757
2013,All Other Causes,M,Hispanic,1193,101,1464
2013,All Other Causes,M,Not Stated/Unknown,139,,
2013,All Other Causes,M,Other Race/ Ethnicity,42,,
2013,All Other Causes,M,White Non-Hispanic,2293,1703,1433
2013,Alzheimer's Disease (G30),F,Black Non-Hispanic,106,101,8
2013,Alzheimer's Disease (G30),F,Hispanic,120,96,11
2013,Alzheimer's Disease (G30),F,Not Stated/Unknown,8,,
2013,Alzheimer's Disease (G30),F,White Non-Hispanic,263,185,84
2013,Alzheimer's Disease (G30),M,Other Race/ Ethnicity,,,
2013,Assault,M,Black Non-Hispanic,174,203,206
2013,Cerebrovascular Disease,F,Asian and Pacific Islander,80,133,144
2013,Cerebrovascular Disease,F,Black Non-Hispanic,271,259,217
2013,Cerebrovascular Disease,F,Hispanic,222,178,198
2013,Cerebrovascular Disease,F,Not Stated/Unknown,14,,
2013,Cerebrovascular Disease,F,Other Race/ Ethnicity,7,,
2013,Cerebrovascular Disease,F,White Non-Hispanic,427,30,164
2013,Cerebrovascular Disease,M,Asian and Pacific Islander,71,128,161
2013,Cerebrovascular Disease,M,Black Non-Hispanic,191,223,25
2013,Cerebrovascular Disease,M,Hispanic,158,134,208
2013,Cerebrovascular Disease,M,Other Race/ Ethnicity,10,,
2013,Cerebrovascular Disease,M,White Non-Hispanic,249,185,151
2013,Certain Conditions originating in the Perinatal Period,F,Not Stated/Unknown,9,,
2013,Certain Conditions originating in the Perinatal Period,F,Other Race/ Ethnicity,,,
2013,Certain Conditions originating in the Perinatal Period,M,Not Stated/Unknown,25,,
2013,"Chronic Liver Disease and Cirrhosis (K70, K73)",M,Asian and Pacific Islander,29,52,54
2013,"Chronic Liver Disease and Cirrhosis (K70, K73)",M,Hispanic,149,126,157
2013,"Chronic Liver Disease and Cirrhosis (K70, K73)",M,Not Stated/Unknown,16,,
2013,"Chronic Liver Disease and Cirrhosis (K70, K73)",M,Other Race/ Ethnicity,,,
2013,Chronic Lower Respiratory Diseases,F,Asian and Pacific Islander,27,45,52
2013,Chronic Lower Respiratory Diseases,F,Black Non-Hispanic,258,247,208
2013,Chronic Lower Respiratory Diseases,F,Hispanic,168,135,148
2013,Chronic Lower Respiratory Diseases,F,Not Stated/Unknown,9,,
2013,Chronic Lower Respiratory Diseases,F,White Non-Hispanic,521,366,216
2013,Chronic Lower Respiratory Diseases,M,Asian and Pacific Islander,72,13,185
2013,Chronic Lower Respiratory Diseases,M,Black Non-Hispanic,184,214,261
2013,Chronic Lower Respiratory Diseases,M,Hispanic,142,12,20
2013,Chronic Lower Respiratory Diseases,M,Not Stated/Unknown,15,,
2013,Chronic Lower Respiratory Diseases,M,Other Race/ Ethnicity,,,
2013,Chronic Lower Respiratory Diseases,M,White Non-Hispanic,437,325,264
2013,Diabetes Mellitus,F,Asian and Pacific Islander,60,10,109
2013,Diabetes Mellitus,F,Black Non-Hispanic,410,393,331
2013,Diabetes Mellitus,F,Hispanic,221,177,196
2013,Diabetes Mellitus,F,Not Stated/Unknown,15,,
2013,Diabetes Mellitus,F,Other Race/ Ethnicity,10,,
2013,Diabetes Mellitus,F,White Non-Hispanic,238,167,104
2013,Diabetes Mellitus,M,Asian and Pacific Islander,96,173,211
2013,Diabetes Mellitus,M,Black Non-Hispanic,300,35,411
2013,Diabetes Mellitus,M,Hispanic,192,163,249
2013,Diabetes Mellitus,M,Not Stated/Unknown,19,,
2013,Diabetes Mellitus,M,Other Race/ Ethnicity,17,,
2013,Diabetes Mellitus,M,White Non-Hispanic,265,197,164
2013,Diseases of Heart,F,Asian and Pacific Islander,437,728,818
2013,Diseases of Heart,F,Black Non-Hispanic,2365,2264,1873
2013,Diseases of Heart,F,Hispanic,1261,101,1136
2013,Diseases of Heart,F,Not Stated/Unknown,106,,
2013,Diseases of Heart,F,Other Race/ Ethnicity,41,,
2013,Diseases of Heart,F,White Non-Hispanic,4535,319,1606
2013,Diseases of Heart,M,Asian and Pacific Islander,531,958,1237
2013,Diseases of Heart,M,Black Non-Hispanic,1868,2177,2585
2013,Diseases of Heart,M,Hispanic,1307,1107,1833
2013,Diseases of Heart,M,Not Stated/Unknown,151,,
2013,Diseases of Heart,M,Other Race/ Ethnicity,72,,
2013,Diseases of Heart,M,White Non-Hispanic,4085,3035,2443
2013,Essential Hypertension and Renal Diseases,F,Asian and Pacific Islander,50,83,93
2013,Essential Hypertension and Renal Diseases,F,Black Non-Hispanic,240,23,189
2013,Essential Hypertension and Renal Diseases,F,Hispanic,103,83,93
2013,Essential Hypertension and Renal Diseases,F,Not Stated/Unknown,7,,
2013,Essential Hypertension and Renal Diseases,F,Other Race/ Ethnicity,8,,
2013,Essential Hypertension and Renal Diseases,F,White Non-Hispanic,206,145,75
2013,Essential Hypertension and Renal Diseases,M,Asian and Pacific Islander,33,6,84
2013,Essential Hypertension and Renal Diseases,M,Black Non-Hispanic,148,172,209
2013,Essential Hypertension and Renal Diseases,M,Not Stated/Unknown,15,,
2013,Essential Hypertension and Renal Diseases,M,Other Race/ Ethnicity,5,,
2013,Essential Hypertension and Renal Diseases,M,White Non-Hispanic,156,116,93
2013,Human Immunodeficiency Virus Disease,F,Black Non-Hispanic,107,102,87
2013,Human Immunodeficiency Virus Disease,M,Black Non-Hispanic,204,238,232
2013,Human Immunodeficiency Virus Disease,M,Hispanic,122,103,113
2013,Influenza (Flu) and Pneumonia,F,Asian and Pacific Islander,78,13,146
2013,Influenza (Flu) and Pneumonia,F,Black Non-Hispanic,285,273,225
2013,Influenza (Flu) and Pneumonia,F,Hispanic,204,163,185
2013,Influenza (Flu) and Pneumonia,F,Not Stated/Unknown,18,,
2013,Influenza (Flu) and Pneumonia,F,Other Race/ Ethnicity,6,,
2013,Influenza (Flu) and Pneumonia,F,White Non-Hispanic,622,437,221
2013,Influenza (Flu) and Pneumonia,M,Asian and Pacific Islander,102,184,268
2013,Influenza (Flu) and Pneumonia,M,Black Non-Hispanic,274,319,40
2013,Influenza (Flu) and Pneumonia,M,Hispanic,233,197,331
2013,Influenza (Flu) and Pneumonia,M,Not Stated/Unknown,24,,
2013,Influenza (Flu) and Pneumonia,M,Other Race/ Ethnicity,8,,
2013,Influenza (Flu) and Pneumonia,M,White Non-Hispanic,618,459,367
2013,Suicide,F,Other Race/ Ethnicity,5,,
2013,Suicide,M,Asian and Pacific Islander,41,74,72
2013,Suicide,M,Not Stated/Unknown,17,,
2013,Suicide,M,Other Race/ Ethnicity,6,,
2013,Suicide,M,White Non-Hispanic,204,152,136
2013,Malignant Neoplasms,F,Asian and Pacific Islander,467,778,796
2013,Malignant Neoplasms,F,Black Non-Hispanic,1784,1708,1455
2013,Malignant Neoplasms,F,Hispanic,1149,921,999
2013,Malignant Neoplasms,F,Not Stated/Unknown,94,,
2013,Malignant Neoplasms,F,Other Race/ Ethnicity,43,,
2013,Malignant Neoplasms,F,White Non-Hispanic,3187,2242,1533
2013,Malignant Neoplasms,M,Asian and Pacific Islander,633,1142,1309
2013,Malignant Neoplasms,M,Black Non-Hispanic,1592,1855,2128
2013,Malignant Neoplasms,M,Hispanic,1146,971,1485
2013,Malignant Neoplasms,M,Not Stated/Unknown,99,,
2013,Malignant Neoplasms,M,Other Race/ Ethnicity,32,,
2013,Malignant Neoplasms,M,White Non-Hispanic,3132,2327,1945
2013,Mental and Behavioral Disorders due to Accidental Poisoning and Other Psychoactive Substance Use,F,Hispanic,63,5,49
2013,Mental and Behavioral Disorders due to Accidental Poisoning and Other Psychoactive Substance Use,F,Not Stated/Unknown,6,,
2013,Mental and Behavioral Disorders due to Accidental Poisoning and Other Psychoactive Substance Use,M,Hispanic,188,159,166
2013,Mental and Behavioral Disorders due to Accidental Poisoning and Other Psychoactive Substance Use,M,Not Stated/Unknown,21,,
2013,Mental and Behavioral Disorders due to Accidental Poisoning and Other Psychoactive Substance Use,M,White Non-Hispanic,286,212,195
2013,"Nephritis, Nephrotic Syndrome and Nephrisis",F,Black Non-Hispanic,93,89,76
2013,"Nephritis, Nephrotic Syndrome and Nephrisis",F,Other Race/ Ethnicity,,,
2013,Septicemia (A40-A41),F,Asian and Pacific Islander,16,27,29
2013,Septicemia (A40-A41),F,White Non-Hispanic,135,95,5
2013,Viral Hepatitis (B15-B19),F,Asian and Pacific Islander,15,25,25
2014,Accidents Except Drug Posioning,F,Asian and Pacific Islander,42,67,69
2014,Accidents Except Drug Posioning,F,Hispanic,64,51,54
2014,Accidents Except Drug Posioning,F,Not Stated/Unknown,,,
2014,Accidents Except Drug Posioning,F,Other Race/ Ethnicity,6,,
2014,Accidents Except Drug Posioning,F,White Non-Hispanic,169,119,74
2014,Accidents Except Drug Posioning,M,Asian and Pacific Islander,68,119,133
2014,Accidents Except Drug Posioning,M,Black Non-Hispanic,148,171,177
2014,Accidents Except Drug Posioning,M,Hispanic,176,147,169
2014,Accidents Except Drug Posioning,M,Other Race/ Ethnicity,12,,
2014,Accidents Except Drug Posioning,M,White Non-Hispanic,258,192,164
2014,All Other Causes,F,Asian and Pacific Islander,339,542,59
2014,All Other Causes,F,Black Non-Hispanic,1536,1464,1264
2014,All Other Causes,F,Hispanic,1135,896,96
2014,All Other Causes,F,Not Stated/Unknown,48,,
2014,All Other Causes,F,Other Race/ Ethnicity,59,,
2014,All Other Causes,F,White Non-Hispanic,2578,1819,1107
2014,All Other Causes,M,Asian and Pacific Islander,424,739,904
2014,All Other Causes,M,Black Non-Hispanic,1375,1593,1778
2014,All Other Causes,M,Hispanic,1195,1001,1433
2014,All Other Causes,M,Not Stated/Unknown,96,,
2014,All Other Causes,M,Other Race/ Ethnicity,74,,
2014,All Other Causes,M,White Non-Hispanic,2275,1694,1413
2014,Alzheimer's Disease (G30),F,Asian and Pacific Islander,26,42,47
2014,Alzheimer's Disease (G30),F,Black Non-Hispanic,123,117,92
2014,Alzheimer's Disease (G30),F,Hispanic,142,112,125
2014,Alzheimer's Disease (G30),F,Not Stated/Unknown,,,
2014,Alzheimer's Disease (G30),F,White Non-Hispanic,276,195,86
2014,Assault,M,Black Non-Hispanic,186,215,215
2014,Cerebrovascular Disease,F,Asian and Pacific Islander,112,179,191
2014,Cerebrovascular Disease,F,Black Non-Hispanic,274,261,214
2014,Cerebrovascular Disease,F,Hispanic,220,174,19
2014,Cerebrovascular Disease,F,Not Stated/Unknown,10,,
2014,Cerebrovascular Disease,F,Other Race/ Ethnicity,8,,
2014,Cerebrovascular Disease,F,White Non-Hispanic,418,295,156
2014,Cerebrovascular Disease,M,Asian and Pacific Islander,91,159,193
2014,Cerebrovascular Disease,M,Black Non-Hispanic,197,228,264
2014,Cerebrovascular Disease,M,Hispanic,165,138,204
2014,Cerebrovascular Disease,M,Not Stated/Unknown,8,,
2014,Cerebrovascular Disease,M,Other Race/ Ethnicity,7,,
2014,Cerebrovascular Disease,M,White Non-Hispanic,277,206,168
2014,Certain Conditions originating in the Perinatal Period,F,Not Stated/Unknown,10,,
2014,Certain Conditions originating in the Perinatal Period,M,Not Stated/Unknown,25,,
2014,Certain Conditions originating in the Perinatal Period,M,Other Race/ Ethnicity,8,,
2014,"Chronic Liver Disease and Cirrhosis (K70, K73)",F,Hispanic,66,52,54
2014,"Chronic Liver Disease and Cirrhosis (K70, K73)",F,Not Stated/Unknown,,,
2014,"Chronic Liver Disease and Cirrhosis (K70, K73)",M,Asian and Pacific Islander,31,54,53
2014,"Chronic Liver Disease and Cirrhosis (K70, K73)",M,Hispanic,164,137,167
2014,"Chronic Liver Disease and Cirrhosis (K70, K73)",M,Other Race/ Ethnicity,10,,
2014,Chronic Lower Respiratory Diseases,F,Asian and Pacific Islander,36,58,63
2014,Chronic Lower Respiratory Diseases,F,Black Non-Hispanic,220,21,179
2014,Chronic Lower Respiratory Diseases,F,Hispanic,193,152,168
2014,Chronic Lower Respiratory Diseases,F,Not Stated/Unknown,12,,
2014,Chronic Lower Respiratory Diseases,F,Other Race/ Ethnicity,6,,
2014,Chronic Lower Respiratory Diseases,F,White Non-Hispanic,515,363,21
2014,Chronic Lower Respiratory Diseases,M,Asian and Pacific Islander,95,166,229
2014,Chronic Lower Respiratory Diseases,M,Black Non-Hispanic,186,215,254
2014,Chronic Lower Respiratory Diseases,M,Hispanic,145,121,193
2014,Chronic Lower Respiratory Diseases,M,Not Stated/Unknown,14,,
2014,Chronic Lower Respiratory Diseases,M,White Non-Hispanic,399,297,24
2014,"Congenital Malformations, Deformations, and Chromosomal Abnormalities (Q00-Q99)",F,Not Stated/Unknown,,,
2014,"Congenital Malformations, Deformations, and Chromosomal Abnormalities (Q00-Q99)",F,Other Race/ Ethnicity,,,
2014,Diabetes Mellitus,F,Asian and Pacific Islander,50,8,85
2014,Diabetes Mellitus,F,Black Non-Hispanic,398,379,316
2014,Diabetes Mellitus,F,Hispanic,209,165,179
2014,Diabetes Mellitus,F,Not Stated/Unknown,9,,
2014,Diabetes Mellitus,F,Other Race/ Ethnicity,11,,
2014,Diabetes Mellitus,F,White Non-Hispanic,228,161,10
2014,Diabetes Mellitus,M,Asian and Pacific Islander,71,124,142
2014,Diabetes Mellitus,M,Black Non-Hispanic,318,368,422
2014,Diabetes Mellitus,M,Hispanic,186,156,232
2014,Diabetes Mellitus,M,Not Stated/Unknown,8,,
2014,Diabetes Mellitus,M,Other Race/ Ethnicity,18,,
2014,Diabetes Mellitus,M,White Non-Hispanic,292,217,181
2014,Diseases of Heart,F,Asian and Pacific Islander,462,738,811
2014,Diseases of Heart,F,Black Non-Hispanic,2194,2091,1691
2014,Diseases of Heart,F,Hispanic,1230,971,1067
2014,Diseases of Heart,F,Not Stated/Unknown,95,,
2014,Diseases of Heart,F,Other Race/ Ethnicity,68,,
2014,Diseases of Heart,F,White Non-Hispanic,4507,318,161
2014,Diseases of Heart,M,Asian and Pacific Islander,554,965,1185
2014,Diseases of Heart,M,Black Non-Hispanic,1958,2268,2647
2014,Diseases of Heart,M,Hispanic,1281,1073,1705
2014,Diseases of Heart,M,Not Stated/Unknown,115,,
2014,Diseases of Heart,M,Other Race/ Ethnicity,63,,
2014,Diseases of Heart,M,White Non-Hispanic,3990,2971,2384
2014,Essential Hypertension and Renal Diseases,F,Asian and Pacific Islander,29,46,51
2014,Essential Hypertension and Renal Diseases,F,Black Non-Hispanic,207,197,159
2014,Essential Hypertension and Renal Diseases,F,Hispanic,116,92,101
2014,Essential Hypertension and Renal Diseases,F,Not Stated/Unknown,,,
2014,Essential Hypertension and Renal Diseases,F,Other Race/ Ethnicity,,,
2014,Essential Hypertension and Renal Diseases,F,White Non-Hispanic,180,127,67
2014,Essential Hypertension and Renal Diseases,M,Black Non-Hispanic,155,18,216
2014,Essential Hypertension and Renal Diseases,M,Not Stated/Unknown,9,,
2014,Essential Hypertension and Renal Diseases,M,White Non-Hispanic,175,13,105
2014,Human Immunodeficiency Virus Disease,F,Black Non-Hispanic,102,97,85
2014,Human Immunodeficiency Virus Disease,F,Not Stated/Unknown,7,,
2014,Human Immunodeficiency Virus Disease,M,Black Non-Hispanic,196,227,217
2014,Human Immunodeficiency Virus Disease,M,Hispanic,92,77,87
2014,Human Immunodeficiency Virus Disease,M,Not Stated/Unknown,10,,
2014,Human Immunodeficiency Virus Disease,M,Other Race/ Ethnicity,10,,
2014,Influenza (Flu) and Pneumonia,F,Asian and Pacific Islander,80,128,141
2014,Influenza (Flu) and Pneumonia,F,Black Non-Hispanic,266,253,206
2014,Influenza (Flu) and Pneumonia,F,Hispanic,218,172,188
2014,Influenza (Flu) and Pneumonia,F,Not Stated/Unknown,11,,
2014,Influenza (Flu) and Pneumonia,F,Other Race/ Ethnicity,9,,
2014,Influenza (Flu) and Pneumonia,F,White Non-Hispanic,563,397,204
2014,Influenza (Flu) and Pneumonia,M,Asian and Pacific Islander,105,183,25
2014,Influenza (Flu) and Pneumonia,M,Black Non-Hispanic,242,28,339
2014,Influenza (Flu) and Pneumonia,M,Hispanic,199,167,266
2014,Influenza (Flu) and Pneumonia,M,Not Stated/Unknown,14,,
2014,Influenza (Flu) and Pneumonia,M,Other Race/ Ethnicity,11,,
2014,Influenza (Flu) and Pneumonia,M,White Non-Hispanic,502,374,297
2014,Suicide,F,Asian and Pacific Islander,28,45,42
2014,Suicide,F,Other Race/ Ethnicity,5,,
2014,Suicide,M,Asian and Pacific Islander,50,87,87
2014,Suicide,M,White Non-Hispanic,204,152,134
2014,Malignant Neoplasms,F,Asian and Pacific Islander,502,802,806
2014,Malignant Neoplasms,F,Black Non-Hispanic,1852,1765,1484
2014,Malignant Neoplasms,F,Hispanic,1154,911,974
2014,Malignant Neoplasms,F,Not Stated/Unknown,50,,
2014,Malignant Neoplasms,F,Other Race/ Ethnicity,66,,
2014,Malignant Neoplasms,F,White Non-Hispanic,3153,2225,1502
2014,Malignant Neoplasms,M,Asian and Pacific Islander,657,1145,1295
2014,Malignant Neoplasms,M,Black Non-Hispanic,1532,1775,1996
2014,Malignant Neoplasms,M,Hispanic,1146,96,1435
2014,Malignant Neoplasms,M,Not Stated/Unknown,73,,
2014,Malignant Neoplasms,M,Other Race/ Ethnicity,50,,
2014,Malignant Neoplasms,M,White Non-Hispanic,3142,234,1951
2014,Mental and Behavioral Disorders due to Accidental Poisoning and Other Psychoactive Substance Use,F,Not Stated/Unknown,6,,
2014,Mental and Behavioral Disorders due to Accidental Poisoning and Other Psychoactive Substance Use,M,Hispanic,191,16,166
2014,Mental and Behavioral Disorders due to Accidental Poisoning and Other Psychoactive Substance Use,M,Other Race/ Ethnicity,12,,
2014,Mental and Behavioral Disorders due to Accidental Poisoning and Other Psychoactive Substance Use,M,White Non-Hispanic,314,234,214
2014,"Nephritis, Nephrotic Syndrome and Nephrisis",F,Black Non-Hispanic,90,86,71
2014,"Nephritis, Nephrotic Syndrome and Nephrisis",M,Asian and Pacific Islander,28,49,58
2014,Septicemia (A40-A41),F,White Non-Hispanic,118,83,47
2014,Septicemia (A40-A41),M,Not Stated/Unknown,8,,
